[{"ID":"DATA FROM THE WEBSOCKET 2","Name":"V L1-N","Value":127.466262817383,"Description":null,"ModbusAddress":81,"TimeStamp":"1591628250675","EnergeticReaders_ID_FK":"b164daf2-422d-4f4c-ada4-c48c6dd4f31a","UnitsTypes_ID_FK":null,"EnergeticReader":null,"EnergeticRooms":[],"UnitsType":null,"FieldToBeUpdates":[],"Tag":"Jouer à League of Legends - Ouvrir le jeu"},{"ID":"DATA FROM THE WEBSOCKET 2","Name":"V L1-N","Value":127.466262817383,"Description":null,"ModbusAddress":81,"TimeStamp":"1591628254041","EnergeticReaders_ID_FK":"b164daf2-422d-4f4c-ada4-c48c6dd4f31a","UnitsTypes_ID_FK":null,"EnergeticReader":null,"EnergeticRooms":[],"UnitsType":null,"FieldToBeUpdates":[],"Tag":"Jouer à League of Legends - Inviter des amis"},{"ID":"DATA FROM THE WEBSOCKET 2","Name":"V L1-N","Value":127.466262817383,"Description":null,"ModbusAddress":81,"TimeStamp":"1591628257431","EnergeticReaders_ID_FK":"b164daf2-422d-4f4c-ada4-c48c6dd4f31a","UnitsTypes_ID_FK":null,"EnergeticReader":null,"EnergeticRooms":[],"UnitsType":null,"FieldToBeUpdates":[],"Tag":"Jouer à League of Legends - Jouer"},{"ID":"DATA FROM THE WEBSOCKET 2","Name":"V L1-N","Value":127.466262817383,"Description":null,"ModbusAddress":81,"TimeStamp":"1591628260882","EnergeticReaders_ID_FK":"b164daf2-422d-4f4c-ada4-c48c6dd4f31a","UnitsTypes_ID_FK":null,"EnergeticReader":null,"EnergeticRooms":[],"UnitsType":null,"FieldToBeUpdates":[],"Tag":"Jouer à League of Legends - Perdre"},{"ID":"DATA FROM THE WEBSOCKET 2","Name":"V L1-N","Value":127.466262817383,"Description":null,"ModbusAddress":81,"TimeStamp":"1591628264345","EnergeticReaders_ID_FK":"b164daf2-422d-4f4c-ada4-c48c6dd4f31a","UnitsTypes_ID_FK":null,"EnergeticReader":null,"EnergeticRooms":[],"UnitsType":null,"FieldToBeUpdates":[],"Tag":"Jouer à League of Legends - Être triste"},{"ID":"DATA FROM THE WEBSOCKET 2","Name":"V L1-N","Value":127.466262817383,"Description":null,"ModbusAddress":81,"TimeStamp":"1591628267425","EnergeticReaders_ID_FK":"b164daf2-422d-4f4c-ada4-c48c6dd4f31a","UnitsTypes_ID_FK":null,"EnergeticReader":null,"EnergeticRooms":[],"UnitsType":null,"FieldToBeUpdates":[],"Tag":"Jouer à League of Legends - Fermer le jeu"}]